Plant_ID,Height_cm,New_Growth_Count,Pest_Severity,Cluster
Zamioculcas zamiifolia,0.6809199870424361,0.4444444444444444,1.0,0
Dieffenbachia seguine,0.3780369290573372,0.4444444444444444,1.0,0
Chlorophytum comosum,0.7303206997084549,0.1111111111111111,1.0,0
Anthurium andraeanum,0.4360220278587626,0.1111111111111111,1.0,0
Sansevieria cylindrica,0.44379656624554586,0.3333333333333333,1.0,0
Ficus lyrata,0.3317136378360868,0.2222222222222222,1.0,0
Tradescantia zebrina,0.5766115970197604,0.0,1.0,0
Aloe vera,0.5072886297376094,0.5555555555555556,1.0,0
Tradescantia zebrina,0.5273728539034662,0.1111111111111111,1.0,0
Ficus lyrata,0.4254940071266602,0.0,1.0,0
Peperomia obtusifolia,0.5338516358924522,0.5555555555555556,1.0,0
Aglaonema commutatum,0.49643666990605767,0.5555555555555556,1.0,0
Calathea orbifolia,0.35034013605442177,0.3333333333333333,1.0,0
Ficus lyrata,0.4731130547457078,0.3333333333333333,1.0,0
Nephrolepis exaltata,0.2978620019436346,0.5555555555555556,1.0,0
Calathea orbifolia,0.18869452542921933,0.5555555555555556,1.0,0
Philodendron hederaceum,0.5604146420472952,0.1111111111111111,1.0,0
Aglaonema commutatum,0.7243278263686428,0.0,1.0,0
Spathiphyllum wallisii,0.7129899578879172,0.3333333333333333,1.0,0
Spathiphyllum wallisii,0.31535471331389703,0.2222222222222222,1.0,0
Sansevieria cylindrica,0.22287010042112082,0.3333333333333333,1.0,0
Schefflera arboricola,0.5641399416909622,0.5555555555555556,1.0,0
Aloe vera,0.536281179138322,0.1111111111111111,1.0,0
Monstera deliciosa,0.35714285714285715,0.0,1.0,0
Sansevieria cylindrica,0.7265954000647878,0.5555555555555556,1.0,0
Philodendron hederaceum,0.34110787172011664,0.5555555555555556,1.0,0
Epipremnum aureum,0.37690314220926463,0.5555555555555556,1.0,0
Aloe vera,0.6516034985422742,0.2222222222222222,1.0,0
Peperomia obtusifolia,0.44541626174279236,0.2222222222222222,1.0,0
Ficus lyrata,0.32118561710398447,0.5555555555555556,1.0,0
Epipremnum aureum,0.32118561710398447,0.3333333333333333,1.0,0
Codiaeum variegatum,0.7133138969873665,0.4444444444444444,1.0,0
Codiaeum variegatum,0.6684483317136379,0.2222222222222222,1.0,0
Begonia maculata,0.6888564949789441,0.0,1.0,0
Schefflera arboricola,0.7118561710398447,0.3333333333333333,1.0,0
Nephrolepis exaltata,0.7146096533851636,0.0,1.0,0
Codiaeum variegatum,0.5511823777129901,0.3333333333333333,1.0,0
Dracaena trifasciata,0.51392938127632,0.5555555555555556,1.0,0
Peperomia obtusifolia,0.46015549076773565,0.5555555555555556,1.0,0
Anthurium andraeanum,0.08584386135406544,0.2222222222222222,1.0,0
Sansevieria cylindrica,0.6661807580174928,0.3333333333333333,1.0,0
Chlorophytum comosum,0.33997408487204406,0.1111111111111111,1.0,0
Nephrolepis exaltata,0.6875607385811469,0.5555555555555556,1.0,0
Monstera deliciosa,0.5035633300939424,0.5555555555555556,1.0,0
Spathiphyllum wallisii,0.8642695173307419,0.2222222222222222,1.0,0
Dieffenbachia seguine,0.478134110787172,0.4444444444444444,1.0,0
Aglaonema commutatum,0.48688046647230326,0.2222222222222222,1.0,0
Epipremnum aureum,0.587463556851312,0.5555555555555556,1.0,0
Schefflera arboricola,0.4335924846128928,0.1111111111111111,1.0,0
Begonia maculata,0.5215419501133787,0.5555555555555556,1.0,0
Anthurium andraeanum,0.28036929057337223,0.0,1.0,0
Tradescantia zebrina,0.5634920634920635,0.4444444444444444,1.0,0
Aloe vera,0.586977648202138,0.5555555555555556,1.0,0
Begonia maculata,0.8409459021703921,0.5555555555555556,1.0,0
Aloe vera,0.5481049562682216,0.3333333333333333,1.0,0
Monstera deliciosa,0.6298995788791708,0.3333333333333333,1.0,0
Aloe vera,0.6363783608681568,0.0,1.0,0
Monstera deliciosa,0.5025915127955944,0.5555555555555556,1.0,0
Chlorophytum comosum,0.4697116942014901,0.3333333333333333,1.0,0
Epipremnum aureum,0.28393262066731456,0.2222222222222222,1.0,0
Monstera deliciosa,0.5147392290249434,0.3333333333333333,1.0,0
Dracaena trifasciata,0.5348234531908002,0.1111111111111111,1.0,0
Anthurium andraeanum,0.4782960803368967,0.5555555555555556,1.0,0
Calathea orbifolia,0.3814382896015549,0.4444444444444444,1.0,0
Aloe vera,0.6946873987690315,0.0,1.0,0
Peperomia obtusifolia,0.5071266601878848,0.0,1.0,0
Codiaeum variegatum,0.2991577583414318,0.4444444444444444,1.0,0
Sansevieria cylindrica,0.2704891480401685,0.0,1.0,0
Begonia maculata,0.17800453514739228,0.1111111111111111,1.0,0
Tradescantia zebrina,0.48283122772918696,0.4444444444444444,1.0,0
Schefflera arboricola,0.12277291869128604,0.1111111111111111,1.0,0
Zamioculcas zamiifolia,0.5898931000971818,0.5555555555555556,1.0,0
Dieffenbachia seguine,0.2578555231616456,0.2222222222222222,1.0,0
Aglaonema commutatum,0.9719792678976353,0.3333333333333333,1.0,0
Begonia maculata,0.19047619047619047,0.1111111111111111,1.0,0
Aloe vera,0.20035633300939426,0.0,1.0,0
Chlorophytum comosum,0.4426627793974733,0.4444444444444444,1.0,0
Begonia maculata,0.6699060576611597,0.3333333333333333,1.0,0
Calathea orbifolia,0.7173631357304827,0.3333333333333333,1.0,0
Chlorophytum comosum,0.42808551992225463,0.1111111111111111,1.0,0
Nephrolepis exaltata,0.4765144152899255,0.1111111111111111,1.0,0
Schefflera arboricola,0.5759637188208617,0.2222222222222222,1.0,0
Zamioculcas zamiifolia,0.5506964690638161,0.5555555555555556,1.0,0
Epipremnum aureum,0.3362487852283771,0.0,1.0,0
Epipremnum aureum,0.12487852283770651,0.0,1.0,0
Chlorophytum comosum,0.4327826368642695,0.3333333333333333,1.0,0
Begonia maculata,0.4873663751214772,0.4444444444444444,1.0,0
Begonia maculata,0.554907677356657,0.0,1.0,0
Epipremnum aureum,0.577259475218659,0.0,1.0,0
Chlorophytum comosum,0.5594428247489472,0.1111111111111111,1.0,0
Monstera deliciosa,0.40184645286686105,0.5555555555555556,1.0,0
Nephrolepis exaltata,0.5142533203757694,0.5555555555555556,1.0,0
Spathiphyllum wallisii,0.0775834143181082,0.5555555555555556,1.0,0
Spathiphyllum wallisii,0.5913508260447036,0.5555555555555556,1.0,0
Spathiphyllum wallisii,0.40314220926465827,0.1111111111111111,1.0,0
Codiaeum variegatum,0.5249433106575964,0.1111111111111111,1.0,0
Schefflera arboricola,0.6384839650145774,0.2222222222222222,1.0,0
Schefflera arboricola,0.34839650145772594,0.2222222222222222,1.0,0
Ficus lyrata,0.6080336896663427,0.5555555555555556,1.0,0
Aglaonema commutatum,0.598639455782313,0.5555555555555556,1.0,0
Codiaeum variegatum,0.6094914156138647,0.1111111111111111,1.0,0
Begonia maculata,0.4480077745383868,0.5555555555555556,1.0,0
Aglaonema commutatum,0.5660835762876579,0.1111111111111111,1.0,0
Chlorophytum comosum,0.3394881762228701,0.4444444444444444,1.0,0
Anthurium andraeanum,0.4894719792678976,0.2222222222222222,1.0,0
Codiaeum variegatum,0.3035309361839974,0.0,1.0,0
Dracaena trifasciata,0.7081308713961776,0.5555555555555556,1.0,0
Schefflera arboricola,0.5997732426303856,0.3333333333333333,1.0,0
Aglaonema commutatum,0.5599287333981212,0.5555555555555556,1.0,0
Spathiphyllum wallisii,0.6543569808875932,0.5555555555555556,1.0,0
Monstera deliciosa,0.02494331065759637,0.3333333333333333,1.0,0
Peperomia obtusifolia,0.4774862325882734,0.1111111111111111,1.0,0
Sansevieria cylindrica,0.634434726271461,0.5555555555555556,1.0,0
Anthurium andraeanum,0.2734045999352122,0.3333333333333333,1.0,0
Peperomia obtusifolia,0.6394557823129253,0.1111111111111111,1.0,0
Chlorophytum comosum,0.3632977000323939,0.1111111111111111,1.0,0
Ficus lyrata,0.44752186588921283,0.0,1.0,0
Begonia maculata,0.2675736961451247,0.0,1.0,0
Sansevieria cylindrica,0.38710722384191776,0.2222222222222222,1.0,0
Zamioculcas zamiifolia,0.6169420149011987,0.3333333333333333,1.0,0
Nephrolepis exaltata,0.5503725299643667,0.4444444444444444,1.0,0
Calathea orbifolia,0.546971169420149,0.1111111111111111,1.0,0
Zamioculcas zamiifolia,0.5183025591188857,0.4444444444444444,1.0,0
Sansevieria cylindrica,0.557661159701976,0.2222222222222222,1.0,0
Epipremnum aureum,0.5040492387431164,0.0,1.0,0
Tradescantia zebrina,0.5913508260447036,0.5555555555555556,1.0,0
Calathea orbifolia,0.3006154842889537,0.3333333333333333,1.0,0
Dracaena trifasciata,0.3801425332037577,0.0,1.0,0
Peperomia obtusifolia,0.28895367670877875,0.5555555555555556,1.0,0
Calathea orbifolia,0.9173955296404277,0.0,1.0,0
Monstera deliciosa,0.5291545189504374,0.3333333333333333,1.0,0
Epipremnum aureum,0.5270489148040168,0.3333333333333333,1.0,0
Anthurium andraeanum,0.558632977000324,0.3333333333333333,1.0,0
Dracaena trifasciata,0.6924198250728864,0.3333333333333333,1.0,0
Epipremnum aureum,0.6838354389374798,0.5555555555555556,1.0,0
Epipremnum aureum,0.529802397149336,0.5555555555555556,1.0,0
Anthurium andraeanum,0.34062196307094267,0.1111111111111111,1.0,0
Nephrolepis exaltata,0.4525429219306771,0.2222222222222222,1.0,0
Aloe vera,0.4365079365079365,0.2222222222222222,1.0,0
Ficus lyrata,0.11499838030450275,0.3333333333333333,1.0,0
Schefflera arboricola,0.6064139941690962,0.3333333333333333,1.0,0
Codiaeum variegatum,0.7194687398769032,0.3333333333333333,1.0,0
Peperomia obtusifolia,0.6506316812439262,0.1111111111111111,1.0,0
Calathea orbifolia,0.4141561386459346,0.2222222222222222,1.0,0
Peperomia obtusifolia,0.5309361839974085,0.4444444444444444,1.0,0
Monstera deliciosa,0.6676384839650146,0.1111111111111111,1.0,0
Monstera deliciosa,0.42938127632005185,0.0,1.0,0
Schefflera arboricola,0.3219954648526077,0.4444444444444444,1.0,0
Monstera deliciosa,0.2086167800453515,0.3333333333333333,1.0,0
Schefflera arboricola,0.3485584710074506,0.5555555555555556,1.0,0
Epipremnum aureum,0.2240038872691934,0.0,1.0,0
Dracaena trifasciata,0.6005830903790088,0.5555555555555556,1.0,0
Anthurium andraeanum,0.4207968901846453,0.0,1.0,0
Aglaonema commutatum,0.3743116294136702,0.1111111111111111,1.0,0
Calathea orbifolia,0.3866213151927438,0.2222222222222222,1.0,0
Nephrolepis exaltata,0.7476514415289927,0.2222222222222222,1.0,0
Schefflera arboricola,0.41286038224813737,0.4444444444444444,1.0,0
Aglaonema commutatum,0.3545513443472627,0.2222222222222222,1.0,0
Anthurium andraeanum,0.2552640103660512,0.0,1.0,0
Codiaeum variegatum,0.46938775510204084,0.3333333333333333,1.0,0
Ficus lyrata,0.4978943958535796,0.0,1.0,0
Philodendron hederaceum,0.19727891156462585,0.1111111111111111,1.0,0
Calathea orbifolia,0.5458373825720765,0.8888888888888888,0.0,1
Begonia maculata,0.8137350178166506,0.8888888888888888,0.0,1
Begonia maculata,0.5949141561386461,0.8888888888888888,0.0,1
Anthurium andraeanum,0.3864593456430191,0.6666666666666666,0.0,1
Spathiphyllum wallisii,0.6052802073210236,0.8888888888888888,0.0,1
Peperomia obtusifolia,0.6721736313573049,0.6666666666666666,0.0,1
Epipremnum aureum,0.23080660835762878,0.8888888888888888,0.0,1
Zamioculcas zamiifolia,0.6308713961775188,0.6666666666666666,0.0,1
Nephrolepis exaltata,0.532555879494655,0.5555555555555556,0.0,1
Ficus lyrata,0.460479429867185,0.8888888888888888,0.0,1
Epipremnum aureum,0.5030774214447684,1.0,0.0,1
Dieffenbachia seguine,0.2831227729186913,0.4444444444444444,0.0,1
Monstera deliciosa,0.5387107223841918,0.8888888888888888,0.0,1
Spathiphyllum wallisii,0.6153223194039521,0.4444444444444444,0.0,1
Dracaena trifasciata,0.2274052478134111,1.0,0.0,1
Anthurium andraeanum,0.6496598639455783,0.4444444444444444,0.0,1
Aloe vera,0.29705215419501135,0.5555555555555556,0.0,1
Tradescantia zebrina,0.28263686426951734,0.4444444444444444,0.0,1
Begonia maculata,0.2538062844185293,0.8888888888888888,0.0,1
Peperomia obtusifolia,0.574020084224166,0.7777777777777777,0.0,1
Anthurium andraeanum,0.7366375121477163,0.8888888888888888,0.0,1
Begonia maculata,0.3820861678004535,0.8888888888888888,0.0,1
Calathea orbifolia,0.7696793002915453,0.8888888888888888,0.0,1
Aloe vera,0.6109491415613865,0.5555555555555556,0.0,1
Aglaonema commutatum,0.5508584386135407,0.6666666666666666,0.0,1
Tradescantia zebrina,0.33754454162617425,1.0,0.0,1
Philodendron hederaceum,0.33867832847424684,0.6666666666666666,0.0,1
Peperomia obtusifolia,0.8349530288305799,0.8888888888888888,0.0,1
Monstera deliciosa,0.551668286362164,1.0,0.0,1
Ficus lyrata,0.6263362487852284,0.6666666666666666,0.0,1
Codiaeum variegatum,0.4671201814058957,0.6666666666666666,0.0,1
Zamioculcas zamiifolia,0.620019436345967,0.6666666666666666,0.0,1
Nephrolepis exaltata,0.4640427599611273,0.8888888888888888,0.0,1
Sansevieria cylindrica,0.4821833495302883,0.7777777777777777,0.0,1
Tradescantia zebrina,0.4543245869776482,0.4444444444444444,0.0,1
Anthurium andraeanum,0.4883381924198251,1.0,0.0,1
Nephrolepis exaltata,0.24425008098477485,0.5555555555555556,0.0,1
Sansevieria cylindrica,0.4164237123420797,0.6666666666666666,0.0,1
Tradescantia zebrina,0.790249433106576,0.5555555555555556,0.0,1
Monstera deliciosa,0.5552316164561063,0.6666666666666666,0.0,1
Peperomia obtusifolia,0.5677032717849045,0.4444444444444444,0.0,1
Philodendron hederaceum,0.442338840298024,0.7777777777777777,0.0,1
Aglaonema commutatum,0.6736313573048268,0.6666666666666666,0.0,1
Aglaonema commutatum,0.6331389698736639,0.8888888888888888,0.0,1
Monstera deliciosa,0.5332037576935537,0.7777777777777777,0.0,1
Dracaena trifasciata,0.12908973113054745,1.0,0.0,1
Epipremnum aureum,0.2878198898607062,0.4444444444444444,0.0,1
Peperomia obtusifolia,0.46096533851635896,0.7777777777777777,0.0,1
Anthurium andraeanum,0.3926141885325559,1.0,0.0,1
Aglaonema commutatum,0.6827016520894073,1.0,0.0,1
Epipremnum aureum,0.7636864269517332,0.5555555555555556,0.0,1
Sansevieria cylindrica,0.3477486232588273,0.4444444444444444,0.0,1
Aloe vera,0.4216067379332686,0.6666666666666666,0.0,1
Aloe vera,0.7930029154518952,0.5555555555555556,0.0,1
Begonia maculata,0.5620343375445417,0.7777777777777777,0.0,1
Calathea orbifolia,0.6034985422740525,0.8888888888888888,0.0,1
Monstera deliciosa,0.6153223194039521,0.8888888888888888,0.0,1
Dracaena trifasciata,0.7591512795594428,0.8888888888888888,0.0,1
Aloe vera,0.4650145772594752,1.0,0.0,1
Philodendron hederaceum,0.35746679624230643,0.8888888888888888,0.0,1
Monstera deliciosa,0.4949789439585358,0.5555555555555556,0.0,1
Chlorophytum comosum,0.39552964042759964,0.4444444444444444,0.0,1
Tradescantia zebrina,0.6763848396501458,0.7777777777777777,0.0,1
Sansevieria cylindrica,0.5965338516358925,1.0,0.0,1
Spathiphyllum wallisii,0.47797214123744736,0.5555555555555556,0.0,1
Philodendron hederaceum,0.6104632329122125,0.6666666666666666,0.0,1
Ficus lyrata,0.337220602526725,1.0,0.0,1
Dracaena trifasciata,0.391642371234208,0.4444444444444444,0.0,1
Tradescantia zebrina,0.5879494655004859,0.6666666666666666,0.0,1
Codiaeum variegatum,0.5014577259475219,1.0,0.0,1
Sansevieria cylindrica,0.5892452218982832,0.6666666666666666,0.0,1
Chlorophytum comosum,0.46517654680919984,1.0,0.0,1
Anthurium andraeanum,0.6990605766115972,0.6666666666666666,0.0,1
Peperomia obtusifolia,0.32685455134434727,1.0,0.0,1
Zamioculcas zamiifolia,0.38807904114026565,0.5555555555555556,0.0,1
Tradescantia zebrina,0.22367994816974407,0.7777777777777777,0.0,1
Philodendron hederaceum,0.8438613540654358,0.7777777777777777,0.0,1
Dracaena trifasciata,0.8368966634272758,0.5555555555555556,0.0,1
Begonia maculata,0.06430191124068675,0.5555555555555556,0.0,1
Chlorophytum comosum,0.35811467444120504,0.6666666666666666,0.0,1
Begonia maculata,0.34402332361516036,0.4444444444444444,0.0,1
Epipremnum aureum,0.41723356009070295,0.8888888888888888,0.0,1
Anthurium andraeanum,0.7690314220926467,0.6666666666666666,0.0,1
Anthurium andraeanum,0.5612244897959184,0.7777777777777777,0.0,1
Aglaonema commutatum,0.558632977000324,0.8888888888888888,0.0,1
Sansevieria cylindrica,0.3893747975380628,0.8888888888888888,0.0,1
Philodendron hederaceum,0.1226109491415614,0.6666666666666666,0.0,1
Chlorophytum comosum,0.5451895043731779,1.0,0.0,1
Nephrolepis exaltata,0.46728215095562037,1.0,0.0,1
Codiaeum variegatum,0.5923226433430516,0.4444444444444444,0.0,1
Aloe vera,0.5748299319727892,0.5555555555555556,0.0,1
Dracaena trifasciata,0.7351797862001944,0.5555555555555556,0.0,1
Begonia maculata,0.526563006154843,1.0,0.0,1
Ficus lyrata,0.38807904114026565,0.8888888888888888,0.0,1
Ficus lyrata,0.3040168448331714,0.6666666666666666,0.0,1
Chlorophytum comosum,0.5897311305474572,0.7777777777777777,0.0,1
Zamioculcas zamiifolia,0.24829931972789115,0.4444444444444444,0.0,1
Spathiphyllum wallisii,0.6441528992549402,0.6666666666666666,0.0,1
Aloe vera,0.6822157434402333,0.4444444444444444,0.0,1
Peperomia obtusifolia,0.7325882734046001,1.0,0.0,1
Calathea orbifolia,0.32248137350178163,0.8888888888888888,0.0,1
Sansevieria cylindrica,0.5168448331713638,0.5555555555555556,0.0,1
Sansevieria cylindrica,0.3929381276320052,0.4444444444444444,0.0,1
Aglaonema commutatum,0.66747651441529,0.8888888888888888,0.0,1
Aloe vera,0.5706187236799483,0.7777777777777777,0.0,1
Aglaonema commutatum,0.5338516358924522,0.5555555555555556,0.0,1
Anthurium andraeanum,0.3927761580822805,0.6666666666666666,0.0,1
Codiaeum variegatum,0.40638160025915127,0.8888888888888888,0.0,1
Begonia maculata,0.3286362163913184,1.0,0.0,1
Anthurium andraeanum,0.43974732750242956,0.4444444444444444,0.0,1
Calathea orbifolia,0.5861678004535148,0.5555555555555556,0.0,1
Aglaonema commutatum,0.5929705215419502,0.6666666666666666,0.0,1
Schefflera arboricola,0.5994493035309362,0.6666666666666666,0.0,1
Philodendron hederaceum,0.5304502753482345,0.4444444444444444,0.0,1
Chlorophytum comosum,0.3177842565597668,0.5555555555555556,0.0,1
Philodendron hederaceum,0.9776482021379981,0.5555555555555556,0.0,1
Sansevieria cylindrica,0.25915127955944284,1.0,0.0,1
Nephrolepis exaltata,0.547457078069323,0.6666666666666666,0.0,1
Monstera deliciosa,0.8743116294136704,0.6666666666666666,0.0,1
Nephrolepis exaltata,0.4633948817622287,1.0,0.0,1
Chlorophytum comosum,0.4661483641075478,0.6666666666666666,0.0,1
Spathiphyllum wallisii,0.015225137674117262,0.6666666666666666,0.0,1
Aloe vera,0.6371882086167802,0.5555555555555556,0.0,1
Peperomia obtusifolia,0.6094914156138647,0.7777777777777777,0.0,1
Aloe vera,0.29138321995464855,0.4444444444444444,0.0,1
Nephrolepis exaltata,0.5194363459669582,1.0,0.0,1
Aloe vera,0.2774538386783285,0.5555555555555556,0.0,1
Dracaena trifasciata,0.7026239067055394,0.4444444444444444,0.0,1
Zamioculcas zamiifolia,0.2887917071590541,0.5555555555555556,0.0,1
Ficus lyrata,0.5889212827988338,0.7777777777777777,0.0,1
Tradescantia zebrina,0.5855199222546161,0.8888888888888888,0.0,1
Zamioculcas zamiifolia,0.39083252348558467,0.4444444444444444,0.0,1
Begonia maculata,0.8210236475542598,0.5555555555555556,0.0,1
Philodendron hederaceum,0.4842889536767088,0.6666666666666666,0.0,1
Aloe vera,0.79073534175575,0.5555555555555556,0.0,1
Dieffenbachia seguine,0.4906057661159702,1.0,0.0,1
Philodendron hederaceum,0.4070294784580499,0.4444444444444444,0.0,1
Chlorophytum comosum,0.5183025591188857,0.4444444444444444,0.0,1
Chlorophytum comosum,0.5456754130223519,0.4444444444444444,0.0,1
Aloe vera,0.5425979915775835,0.7777777777777777,0.0,1
Zamioculcas zamiifolia,0.46728215095562037,1.0,0.0,1
Aloe vera,0.39520570132815036,0.7777777777777777,0.0,1
Chlorophytum comosum,0.48704243602202785,0.7777777777777777,0.0,1
Schefflera arboricola,0.36848072562358275,1.0,0.5,2
Schefflera arboricola,0.7667638483965016,0.6666666666666666,1.0,2
Epipremnum aureum,0.5123096857790735,1.0,1.0,2
Ficus lyrata,0.5975056689342404,0.8888888888888888,0.5,2
Monstera deliciosa,0.3351149983803045,0.8888888888888888,1.0,2
Begonia maculata,0.642371234207969,0.6666666666666666,0.5,2
Dracaena trifasciata,0.46760609005506965,0.8888888888888888,0.5,2
Schefflera arboricola,0.43326854551344346,1.0,0.5,2
Anthurium andraeanum,0.5855199222546161,0.7777777777777777,1.0,2
Nephrolepis exaltata,0.4509232264334305,0.6666666666666666,0.5,2
Sansevieria cylindrica,0.0019436345966958313,0.7777777777777777,0.5,2
Spathiphyllum wallisii,0.3535795270489148,1.0,1.0,2
Sansevieria cylindrica,0.511175898931001,0.7777777777777777,0.5,2
Aloe vera,0.195821185617104,0.8888888888888888,1.0,2
Calathea orbifolia,0.4987042436022028,0.8888888888888888,1.0,2
Anthurium andraeanum,0.6867508908325235,0.7777777777777777,1.0,2
Sansevieria cylindrica,0.7133138969873665,0.6666666666666666,1.0,2
Calathea orbifolia,0.7748623258827342,0.8888888888888888,0.5,2
Epipremnum aureum,0.6724975704567543,0.7777777777777777,1.0,2
Sansevieria cylindrica,0.0,1.0,0.5,2
Begonia maculata,0.4015225137674117,0.6666666666666666,1.0,2
Peperomia obtusifolia,0.2766439909297052,1.0,1.0,2
Aloe vera,0.5803368966634274,0.6666666666666666,1.0,2
Sansevieria cylindrica,0.7275672173631358,0.6666666666666666,0.5,2
Dracaena trifasciata,0.3270165208940719,0.8888888888888888,1.0,2
Tradescantia zebrina,0.6895043731778426,0.7777777777777777,1.0,2
Codiaeum variegatum,0.4536767087787496,0.6666666666666666,0.5,2
Nephrolepis exaltata,0.4243602202785876,0.7777777777777777,1.0,2
Aloe vera,0.34288953676708783,0.7777777777777777,0.5,2
Dieffenbachia seguine,0.6857790735341757,0.7777777777777777,0.5,2
Peperomia obtusifolia,0.6352445740200843,0.6666666666666666,1.0,2
Anthurium andraeanum,0.7361516034985424,0.8888888888888888,1.0,2
Dieffenbachia seguine,0.24603174603174605,0.6666666666666666,0.5,2
Epipremnum aureum,0.34207968901846453,0.6666666666666666,1.0,2
Aloe vera,0.5366051182377714,0.8888888888888888,1.0,2
Nephrolepis exaltata,0.5181405895691611,0.6666666666666666,1.0,2
Sansevieria cylindrica,0.31081956592160676,0.7777777777777777,1.0,2
Chlorophytum comosum,0.5571752510528022,0.8888888888888888,0.5,2
Ficus lyrata,0.45221898283122774,0.8888888888888888,0.5,2
Dieffenbachia seguine,0.3506640751538711,0.8888888888888888,0.5,2
Dracaena trifasciata,0.45707806932296724,1.0,1.0,2
Anthurium andraeanum,0.510689990281827,0.6666666666666666,0.5,2
Dieffenbachia seguine,0.5134434726271461,0.7777777777777777,0.5,2
Aglaonema commutatum,0.5387107223841918,1.0,1.0,2
Aglaonema commutatum,0.2552640103660512,0.6666666666666666,1.0,2
Epipremnum aureum,0.5979915775834144,0.6666666666666666,0.5,2
Anthurium andraeanum,0.32329122125040494,1.0,0.5,2
Monstera deliciosa,0.4275996112730807,0.7777777777777777,0.5,2
Anthurium andraeanum,0.3385163589245222,1.0,0.5,2
Dieffenbachia seguine,0.5471331389698737,0.8888888888888888,1.0,2
Ficus lyrata,0.7066731454486558,0.7777777777777777,1.0,2
Nephrolepis exaltata,0.3168124392614189,0.6666666666666666,0.5,2
Codiaeum variegatum,0.2999676060900551,1.0,0.5,2
Zamioculcas zamiifolia,0.45999352121801107,0.7777777777777777,0.5,2
Codiaeum variegatum,0.37188208616780044,0.7777777777777777,1.0,2
Begonia maculata,0.15370910268869453,0.7777777777777777,1.0,2
Spathiphyllum wallisii,0.4117265954000648,1.0,1.0,2
Anthurium andraeanum,0.4630709426627794,1.0,0.5,2
Peperomia obtusifolia,0.7304826692581795,0.8888888888888888,0.5,2
Aloe vera,0.656786524133463,0.6666666666666666,0.5,2
Philodendron hederaceum,0.7366375121477163,0.6666666666666666,1.0,2
Sansevieria cylindrica,0.5315840621963072,0.6666666666666666,1.0,2
Dieffenbachia seguine,0.13605442176870747,0.6666666666666666,1.0,2
Ficus lyrata,0.6166180758017493,0.6666666666666666,1.0,2
Aglaonema commutatum,0.4387755102040816,0.6666666666666666,1.0,2
Ficus lyrata,0.6532231940395206,0.7777777777777777,1.0,2
Peperomia obtusifolia,0.7303206997084549,0.8888888888888888,0.5,2
Sansevieria cylindrica,0.13816002591512794,0.8888888888888888,0.5,2
Chlorophytum comosum,0.627955944282475,0.6666666666666666,1.0,2
Aglaonema commutatum,0.39633948817622283,0.6666666666666666,0.5,2
Philodendron hederaceum,0.5076125688370586,0.7777777777777777,0.5,2
Philodendron hederaceum,0.4735989633948818,0.6666666666666666,0.5,2
Zamioculcas zamiifolia,0.3825720764496275,0.6666666666666666,1.0,2
Nephrolepis exaltata,0.6512795594428248,0.7777777777777777,0.5,2
Calathea orbifolia,0.5701328150307743,0.7777777777777777,1.0,2
Monstera deliciosa,0.5795270489148041,0.6666666666666666,1.0,2
Monstera deliciosa,0.5785552316164562,0.6666666666666666,1.0,2
Monstera deliciosa,0.29802397149335924,1.0,1.0,2
Spathiphyllum wallisii,0.3318756073858115,0.6666666666666666,0.5,2
Sansevieria cylindrica,0.7567217363135731,0.6666666666666666,1.0,2
Epipremnum aureum,0.23517978620019436,0.6666666666666666,0.5,2
Aglaonema commutatum,0.4703595724003887,1.0,1.0,2
Dracaena trifasciata,0.4191771946873987,0.6666666666666666,0.5,2
Sansevieria cylindrica,0.44250080984774864,0.8888888888888888,0.5,2
Dracaena trifasciata,0.4954648526077097,1.0,0.5,2
Chlorophytum comosum,0.4473598963394882,0.6666666666666666,0.5,2
Calathea orbifolia,0.7703271784904439,0.6666666666666666,0.5,2
Ficus lyrata,0.33365727243278265,1.0,0.5,2
Zamioculcas zamiifolia,0.5766115970197604,0.8888888888888888,0.5,2
Tradescantia zebrina,0.5792031098153548,0.8888888888888888,0.5,2
Philodendron hederaceum,0.5592808551992225,1.0,1.0,2
Tradescantia zebrina,0.4902818270165209,0.6666666666666666,1.0,2
Aglaonema commutatum,0.631195335276968,1.0,1.0,2
Schefflera arboricola,0.3657272432782637,0.6666666666666666,0.5,2
Schefflera arboricola,0.7473275024295434,0.8888888888888888,1.0,2
Sansevieria cylindrica,0.3250728862973761,1.0,0.5,2
Monstera deliciosa,0.29640427599611274,0.7777777777777777,1.0,2
Peperomia obtusifolia,0.4426627793974733,1.0,0.5,2
Sansevieria cylindrica,0.34872044055717527,0.8888888888888888,0.5,2
Sansevieria cylindrica,0.7052154195011339,0.6666666666666666,1.0,2
Aglaonema commutatum,0.39601554907677355,0.7777777777777777,0.5,2
Ficus lyrata,0.49983803045027536,1.0,1.0,2
Schefflera arboricola,0.6668286362163914,0.7777777777777777,0.5,2
Schefflera arboricola,0.5817946226109493,0.8888888888888888,1.0,2
Spathiphyllum wallisii,0.44185293164885003,0.8888888888888888,0.5,2
Dieffenbachia seguine,0.41771946873987686,0.8888888888888888,1.0,2
Nephrolepis exaltata,0.6417233560090703,1.0,0.5,2
Dieffenbachia seguine,0.6206673145448657,0.6666666666666666,1.0,2
Sansevieria cylindrica,0.5059928733398121,0.6666666666666666,1.0,2
Philodendron hederaceum,0.35941043083900226,0.8888888888888888,1.0,2
Philodendron hederaceum,0.5095562034337545,1.0,1.0,2
Epipremnum aureum,0.36556527372853903,0.7777777777777777,1.0,2
Begonia maculata,0.38678328474246837,0.7777777777777777,0.5,2
Ficus lyrata,0.21396177518626497,0.8888888888888888,0.5,2
Aglaonema commutatum,0.5497246517654681,0.7777777777777777,1.0,2
Anthurium andraeanum,0.27680596047942985,0.8888888888888888,1.0,2
Chlorophytum comosum,0.5027534823453191,0.8888888888888888,1.0,2
Dracaena trifasciata,0.6046323291221251,1.0,1.0,2
Sansevieria cylindrica,0.3134110787172012,0.6666666666666666,0.5,2
Ficus lyrata,0.642371234207969,0.6666666666666666,0.5,2
Chlorophytum comosum,0.5965338516358925,1.0,1.0,2
Epipremnum aureum,0.5276967930029155,0.6666666666666666,1.0,2
Zamioculcas zamiifolia,0.6326530612244899,0.8888888888888888,1.0,2
Dieffenbachia seguine,0.3506640751538711,0.6666666666666666,1.0,2
Zamioculcas zamiifolia,0.6103012633624879,0.8888888888888888,0.5,2
Aloe vera,0.3356009070294784,0.6666666666666666,1.0,2
Begonia maculata,0.3778749595076126,0.7777777777777777,0.5,2
Anthurium andraeanum,0.41367022999676056,0.6666666666666666,0.5,2
Monstera deliciosa,0.44460641399416906,0.7777777777777777,1.0,2
Chlorophytum comosum,0.4915775834143181,0.8888888888888888,0.5,2
Anthurium andraeanum,0.5736961451247167,0.8888888888888888,0.5,2
Spathiphyllum wallisii,0.5417881438289601,0.8888888888888888,1.0,2
Tradescantia zebrina,0.6266601878846777,0.6666666666666666,0.5,2
Chlorophytum comosum,0.47068351149983806,0.6666666666666666,0.5,2
Calathea orbifolia,0.627955944282475,0.8888888888888888,0.5,2
Monstera deliciosa,0.3453190800129576,1.0,1.0,2
Calathea orbifolia,0.5997732426303856,0.6666666666666666,1.0,2
Ficus lyrata,0.6469063816002592,1.0,0.5,2
Sansevieria cylindrica,0.4157758341431811,1.0,0.5,2
Tradescantia zebrina,0.6838354389374798,1.0,0.5,2
Sansevieria cylindrica,0.5779073534175575,1.0,1.0,2
Calathea orbifolia,0.5063168124392615,0.6666666666666666,0.5,2
Peperomia obtusifolia,0.7414965986394558,0.6666666666666666,1.0,2
Sansevieria cylindrica,0.30207321023647554,0.8888888888888888,1.0,2
Dieffenbachia seguine,0.41431810819565923,1.0,1.0,2
Peperomia obtusifolia,0.3051506316812439,0.6666666666666666,1.0,2
Nephrolepis exaltata,0.38743116294136704,1.0,1.0,2
Zamioculcas zamiifolia,0.5599287333981212,0.7777777777777777,0.5,2
Dieffenbachia seguine,0.36232588273404603,1.0,1.0,2
Aloe vera,0.3884029802397149,0.6666666666666666,0.5,2
Nephrolepis exaltata,0.17946226109491417,1.0,1.0,2
Aglaonema commutatum,0.2978620019436346,0.6666666666666666,0.5,2
Chlorophytum comosum,0.2944606413994169,1.0,0.5,2
Spathiphyllum wallisii,0.40006478781988986,0.6666666666666666,0.5,2
Spathiphyllum wallisii,0.5806608357628766,0.7777777777777777,1.0,2
Chlorophytum comosum,0.8017492711370263,0.8888888888888888,0.5,2
Nephrolepis exaltata,0.526077097505669,0.7777777777777777,0.5,2
Codiaeum variegatum,0.4358600583090379,0.7777777777777777,0.5,2
Spathiphyllum wallisii,0.31648850016196955,1.0,0.5,2
Calathea orbifolia,0.5264010366051183,0.6666666666666666,1.0,2
Spathiphyllum wallisii,0.6760609005506966,0.8888888888888888,0.5,2
Begonia maculata,0.2371234207968902,0.7777777777777777,0.5,2
Chlorophytum comosum,0.28328474246841595,0.8888888888888888,1.0,2
Codiaeum variegatum,0.4546485260770975,0.8888888888888888,0.5,2
Schefflera arboricola,0.706511175898931,0.6666666666666666,1.0,2
Philodendron hederaceum,0.4186912860382248,0.6666666666666666,1.0,2
Calathea orbifolia,0.4227405247813411,0.7777777777777777,0.5,2
Nephrolepis exaltata,0.5095562034337545,0.8888888888888888,0.5,2
Dracaena trifasciata,0.4408811143505021,0.6666666666666666,1.0,2
Zamioculcas zamiifolia,0.2894395853579527,0.7777777777777777,1.0,2
Ficus lyrata,0.1661807580174927,0.7777777777777777,1.0,2
Anthurium andraeanum,0.6734693877551021,1.0,0.5,2
Codiaeum variegatum,0.3781988986070619,0.6666666666666666,0.5,2
Aloe vera,0.26838354389374797,0.6666666666666666,0.5,2
Dieffenbachia seguine,0.40249433106575966,0.7777777777777777,0.5,2
Aloe vera,0.25915127955944284,0.6666666666666666,0.5,2
Philodendron hederaceum,0.794460641399417,0.8888888888888888,0.5,2
Tradescantia zebrina,0.5207321023647555,0.7777777777777777,0.5,2
Spathiphyllum wallisii,0.6407515387107224,0.6666666666666666,0.5,2
Codiaeum variegatum,0.5176546809199871,0.7777777777777777,1.0,2
Sansevieria cylindrica,0.5205701328150308,0.8888888888888888,1.0,2
Begonia maculata,0.2756721736313573,0.8888888888888888,1.0,2
Codiaeum variegatum,0.4483317136378361,0.7777777777777777,0.5,2
Dracaena trifasciata,0.49627470035633303,0.8888888888888888,1.0,2
Dieffenbachia seguine,0.34499514091350825,0.6666666666666666,1.0,2
Ficus lyrata,0.5596047942986719,1.0,1.0,2
Schefflera arboricola,0.3827340459993521,0.6666666666666666,0.5,2
Spathiphyllum wallisii,0.46533851635892454,0.7777777777777777,0.5,2
Aloe vera,0.22643343051506315,1.0,1.0,2
Aglaonema commutatum,0.2905733722060253,1.0,0.5,2
Monstera deliciosa,0.3901846452866861,0.8888888888888888,1.0,2
Philodendron hederaceum,0.5208940719144801,0.6666666666666666,1.0,2
Zamioculcas zamiifolia,0.7006802721088435,0.6666666666666666,0.5,2
Epipremnum aureum,0.6538710722384192,0.7777777777777777,0.5,2
Zamioculcas zamiifolia,0.27291869128603824,0.7777777777777777,0.5,2
Monstera deliciosa,0.12131519274376418,0.6666666666666666,0.5,2
Monstera deliciosa,0.5016196954972465,0.7777777777777777,1.0,2
Dracaena trifasciata,0.296728215095562,0.7777777777777777,1.0,2
Zamioculcas zamiifolia,0.2734045999352122,0.7777777777777777,0.5,2
Dieffenbachia seguine,0.500485908649174,0.8888888888888888,1.0,2
Zamioculcas zamiifolia,0.4852607709750567,0.8888888888888888,1.0,2
Chlorophytum comosum,0.8106575963718821,0.7777777777777777,0.5,2
Philodendron hederaceum,0.6397797214123745,0.6666666666666666,0.5,2
Sansevieria cylindrica,0.41318432134758665,0.6666666666666666,1.0,2
Schefflera arboricola,0.5639779721412375,0.7777777777777777,1.0,2
Philodendron hederaceum,0.4617751862649822,0.7777777777777777,0.5,2
Philodendron hederaceum,0.5254292193067703,0.0,0.0,3
Zamioculcas zamiifolia,0.6435050210560416,0.0,0.0,3
Monstera deliciosa,0.7750242954324588,0.1111111111111111,0.0,3
Ficus lyrata,0.13216715257531583,0.1111111111111111,0.0,3
Aglaonema commutatum,0.5928085519922256,0.1111111111111111,0.0,3
Dracaena trifasciata,0.5200842241658569,0.1111111111111111,0.0,3
Anthurium andraeanum,0.38905085843861353,0.3333333333333333,0.0,3
Nephrolepis exaltata,0.6420472951085197,0.1111111111111111,0.0,3
Aloe vera,0.5309361839974085,0.3333333333333333,0.0,3
Zamioculcas zamiifolia,0.5578231292517007,0.2222222222222222,0.0,3
Philodendron hederaceum,0.45675413022351796,0.1111111111111111,0.0,3
Dieffenbachia seguine,0.3620019436345967,0.2222222222222222,0.0,3
Aloe vera,0.2687074829931973,0.1111111111111111,0.0,3
Codiaeum variegatum,0.31357304826692584,0.0,0.0,3
Aloe vera,0.790249433106576,0.0,0.0,3
Schefflera arboricola,0.4923874311629414,0.3333333333333333,0.0,3
Sansevieria cylindrica,0.22108843537414968,0.3333333333333333,0.0,3
Calathea orbifolia,0.3976352445740201,0.1111111111111111,0.0,3
Aglaonema commutatum,0.3898607061872368,0.3333333333333333,0.0,3
Epipremnum aureum,0.39601554907677355,0.3333333333333333,0.0,3
Nephrolepis exaltata,0.32636864269517335,0.0,0.0,3
Calathea orbifolia,0.7487852283770653,0.1111111111111111,0.0,3
Monstera deliciosa,0.5625202461937157,0.2222222222222222,0.0,3
Dracaena trifasciata,0.41043083900226757,0.2222222222222222,0.0,3
Aglaonema commutatum,0.9991901522513768,0.3333333333333333,0.0,3
Schefflera arboricola,0.6457725947521866,0.3333333333333333,0.0,3
Monstera deliciosa,0.43747975380628445,0.2222222222222222,0.0,3
Aloe vera,0.6410754778101717,0.1111111111111111,0.0,3
Dieffenbachia seguine,0.5032393909944931,0.0,0.0,3
Aglaonema commutatum,0.634434726271461,0.0,0.0,3
Epipremnum aureum,0.620991253644315,0.2222222222222222,0.0,3
Tradescantia zebrina,0.5753158406219632,0.0,0.0,3
Monstera deliciosa,0.326044703595724,0.0,0.0,3
Epipremnum aureum,0.4062196307094266,0.2222222222222222,0.0,3
Aglaonema commutatum,0.5472951085195983,0.0,0.0,3
Dracaena trifasciata,0.5340136054421769,0.1111111111111111,0.0,3
Dieffenbachia seguine,1.0,0.2222222222222222,0.0,3
Schefflera arboricola,0.4593456430191124,0.3333333333333333,0.0,3
Epipremnum aureum,0.6337868480725625,0.0,0.0,3
Epipremnum aureum,0.5291545189504374,0.1111111111111111,0.0,3
Dracaena trifasciata,0.5688370586329771,0.0,0.0,3
Aloe vera,0.35034013605442177,0.0,0.0,3
Peperomia obtusifolia,0.4470359572400389,0.1111111111111111,0.0,3
Aloe vera,0.7079689018464529,0.2222222222222222,0.0,3
Aglaonema commutatum,0.5414642047295108,0.2222222222222222,0.0,3
Ficus lyrata,0.18577907353417558,0.3333333333333333,0.0,3
Begonia maculata,0.44460641399416906,0.3333333333333333,0.0,3
Chlorophytum comosum,0.4321347586653709,0.3333333333333333,0.0,3
Spathiphyllum wallisii,0.2874959507612569,0.3333333333333333,0.0,3
Calathea orbifolia,0.08713961775186266,0.1111111111111111,0.0,3
Dracaena trifasciata,0.2732426303854876,0.3333333333333333,0.0,3
Monstera deliciosa,0.5861678004535148,0.1111111111111111,0.0,3
Dracaena trifasciata,0.4969225785552316,0.2222222222222222,0.0,3
Schefflera arboricola,0.5393586005830904,0.3333333333333333,0.0,3
Tradescantia zebrina,0.4420149011985747,0.1111111111111111,0.0,3
Begonia maculata,0.44978943958535794,0.1111111111111111,0.0,3
Anthurium andraeanum,0.6394557823129253,0.2222222222222222,0.0,3
Ficus lyrata,0.5814706835114999,0.1111111111111111,0.0,3
Schefflera arboricola,0.48266925817946227,0.2222222222222222,0.0,3
Dieffenbachia seguine,0.5610625202461937,0.2222222222222222,0.0,3
Codiaeum variegatum,0.5636540330417882,0.0,0.0,3
Ficus lyrata,0.36459345643019114,0.0,0.0,3
Tradescantia zebrina,0.5354713313896988,0.0,0.0,3
Aloe vera,0.3958535795270489,0.3333333333333333,0.0,3
Aglaonema commutatum,0.5715905409782961,0.3333333333333333,0.0,3
Aloe vera,0.5515063168124393,0.2222222222222222,0.0,3
Begonia maculata,0.47295108519598317,0.2222222222222222,0.0,3
Nephrolepis exaltata,0.9454162617427924,0.0,0.0,3
Monstera deliciosa,0.5659216067379333,0.3333333333333333,0.0,3
Epipremnum aureum,0.10900550696469063,0.0,0.0,3
Begonia maculata,0.5809847748623259,0.1111111111111111,0.0,3
Spathiphyllum wallisii,0.49983803045027536,0.1111111111111111,0.0,3
Dracaena trifasciata,0.33738257207644967,0.2222222222222222,0.0,3
Aloe vera,0.322319403952057,0.0,0.0,3
Spathiphyllum wallisii,0.46533851635892454,0.1111111111111111,0.0,3
Nephrolepis exaltata,0.11435050210560416,0.0,0.0,3
Philodendron hederaceum,0.4588597343699385,0.3333333333333333,0.0,3
Zamioculcas zamiifolia,0.3900226757369615,0.1111111111111111,0.0,3
Aglaonema commutatum,0.5383867832847425,0.2222222222222222,0.0,3
Dracaena trifasciata,0.6143505021056042,0.3333333333333333,0.0,3
Zamioculcas zamiifolia,0.8427275672173632,0.2222222222222222,0.0,3
Peperomia obtusifolia,0.6111111111111113,0.3333333333333333,0.0,3
Zamioculcas zamiifolia,0.2175251052802073,0.1111111111111111,0.0,3
Monstera deliciosa,0.6883705863297701,0.1111111111111111,0.0,3
Dieffenbachia seguine,0.38386783284742465,0.2222222222222222,0.0,3
Aglaonema commutatum,0.5,0.1111111111111111,0.0,3
Tradescantia zebrina,0.5928085519922256,0.2222222222222222,0.0,3
Begonia maculata,0.765630061548429,0.1111111111111111,0.0,3
Peperomia obtusifolia,0.5738581146744413,0.1111111111111111,0.0,3
Dracaena trifasciata,0.5677032717849045,0.3333333333333333,0.0,3
Chlorophytum comosum,0.7546161321671527,0.2222222222222222,0.0,3
Epipremnum aureum,0.5377389050858439,0.0,0.0,3
Monstera deliciosa,0.7241658568189181,0.2222222222222222,0.0,3
Aglaonema commutatum,0.5787172011661809,0.0,0.5,4
Aglaonema commutatum,0.42630385487528344,0.0,0.5,4
Dracaena trifasciata,0.4355361192095886,0.0,0.5,4
Sansevieria cylindrica,0.42063492063492064,0.1111111111111111,0.5,4
Nephrolepis exaltata,0.34629089731130547,0.5555555555555556,0.5,4
Calathea orbifolia,0.4091350826044704,0.5555555555555556,0.5,4
Dracaena trifasciata,0.5921606737933269,0.5555555555555556,0.5,4
Peperomia obtusifolia,0.6007450599287335,0.5555555555555556,0.5,4
Dieffenbachia seguine,0.07920310981535472,0.2222222222222222,0.5,4
Peperomia obtusifolia,0.5336896663427276,0.0,0.5,4
Dracaena trifasciata,0.4891480401684483,0.5555555555555556,0.5,4
Aglaonema commutatum,0.4428247489471979,0.2222222222222222,0.5,4
Dracaena trifasciata,0.3368966634272757,0.5555555555555556,0.5,4
Anthurium andraeanum,0.42565597667638483,0.2222222222222222,0.5,4
Nephrolepis exaltata,0.574020084224166,0.4444444444444444,0.5,4
Dieffenbachia seguine,0.6961451247165534,0.3333333333333333,0.5,4
Chlorophytum comosum,0.7847424684159379,0.0,0.5,4
Codiaeum variegatum,0.7487852283770653,0.2222222222222222,0.5,4
Calathea orbifolia,0.3629737609329446,0.2222222222222222,0.5,4
Peperomia obtusifolia,0.648850016196955,0.3333333333333333,0.5,4
Spathiphyllum wallisii,0.6976028506640752,0.2222222222222222,0.5,4
Sansevieria cylindrica,0.5238095238095238,0.1111111111111111,0.5,4
Chlorophytum comosum,0.3741496598639456,0.3333333333333333,0.5,4
Philodendron hederaceum,0.4272756721736313,0.5555555555555556,0.5,4
Epipremnum aureum,0.16164561062520247,0.1111111111111111,0.5,4
Anthurium andraeanum,0.3184321347586654,0.2222222222222222,0.5,4
Spathiphyllum wallisii,0.7126660187884678,0.4444444444444444,0.5,4
Peperomia obtusifolia,0.43391642371234207,0.3333333333333333,0.5,4
Begonia maculata,0.2858762552640104,0.1111111111111111,0.5,4
Ficus lyrata,0.3505021056041464,0.3333333333333333,0.5,4
Calathea orbifolia,0.5380628441852932,0.0,0.5,4
Calathea orbifolia,0.3323615160349854,0.3333333333333333,0.5,4
Zamioculcas zamiifolia,0.6621315192743765,0.0,0.5,4
Epipremnum aureum,0.5370910268869453,0.3333333333333333,0.5,4
Anthurium andraeanum,0.19663103336572724,0.0,0.5,4
Peperomia obtusifolia,0.40994493035309365,0.3333333333333333,0.5,4
Spathiphyllum wallisii,0.384191771946874,0.5555555555555556,0.5,4
Dieffenbachia seguine,0.37026239067055394,0.3333333333333333,0.5,4
Peperomia obtusifolia,0.8840298023971493,0.1111111111111111,0.5,4
Begonia maculata,0.5064787819889861,0.4444444444444444,0.5,4
Aloe vera,0.46258503401360546,0.1111111111111111,0.5,4
Ficus lyrata,0.3539034661483641,0.5555555555555556,0.5,4
Zamioculcas zamiifolia,0.5834143181081957,0.1111111111111111,0.5,4
Nephrolepis exaltata,0.25688370586329773,0.2222222222222222,0.5,4
Schefflera arboricola,0.5641399416909622,0.1111111111111111,0.5,4
Epipremnum aureum,0.3979591836734694,0.0,0.5,4
Zamioculcas zamiifolia,0.20310981535471334,0.1111111111111111,0.5,4
Zamioculcas zamiifolia,0.6153223194039521,0.4444444444444444,0.5,4
Peperomia obtusifolia,0.46112730806608354,0.0,0.5,4
Tradescantia zebrina,0.45788791707159054,0.3333333333333333,0.5,4
Philodendron hederaceum,0.41075477810171684,0.2222222222222222,0.5,4
Dracaena trifasciata,0.40038872691933913,0.0,0.5,4
Calathea orbifolia,0.7588273404599936,0.5555555555555556,0.5,4
Aloe vera,0.41059280855199226,0.0,0.5,4
Philodendron hederaceum,0.5296404275996113,0.4444444444444444,0.5,4
Epipremnum aureum,0.40346614836410755,0.3333333333333333,0.5,4
Dracaena trifasciata,0.40751538710722385,0.5555555555555556,0.5,4
Aloe vera,0.5202461937155816,0.4444444444444444,0.5,4
Nephrolepis exaltata,0.398607061872368,0.2222222222222222,0.5,4
Codiaeum variegatum,0.37560738581146746,0.5555555555555556,0.5,4
Codiaeum variegatum,0.6125688370586331,0.4444444444444444,0.5,4
Anthurium andraeanum,0.5536119209588598,0.2222222222222222,0.5,4
Zamioculcas zamiifolia,0.5749919015225138,0.1111111111111111,0.5,4
Philodendron hederaceum,0.8163265306122449,0.5555555555555556,0.5,4
Philodendron hederaceum,0.6107871720116619,0.4444444444444444,0.5,4
Dracaena trifasciata,0.405571752510528,0.0,0.5,4
Peperomia obtusifolia,0.5696469063816003,0.1111111111111111,0.5,4
Calathea orbifolia,0.23858114674441205,0.4444444444444444,0.5,4
Nephrolepis exaltata,0.36281179138322,0.3333333333333333,0.5,4
Nephrolepis exaltata,0.4196631033365727,0.5555555555555556,0.5,4
Begonia maculata,0.2400388726919339,0.5555555555555556,0.5,4
Zamioculcas zamiifolia,0.5662455458373826,0.5555555555555556,0.5,4
Begonia maculata,0.5506964690638161,0.2222222222222222,0.5,4
Monstera deliciosa,0.4885001619695497,0.3333333333333333,0.5,4
Philodendron hederaceum,0.47635244574020086,0.2222222222222222,0.5,4
Codiaeum variegatum,0.4697116942014901,0.1111111111111111,0.5,4
Spathiphyllum wallisii,0.5476190476190477,0.5555555555555556,0.5,4
Nephrolepis exaltata,0.6911240686750891,0.4444444444444444,0.5,4
Ficus lyrata,0.10155490767735666,0.1111111111111111,0.5,4
Dracaena trifasciata,0.5285066407515387,0.2222222222222222,0.5,4
Monstera deliciosa,0.42290249433106575,0.1111111111111111,0.5,4
Monstera deliciosa,0.48995788791707157,0.1111111111111111,0.5,4
Epipremnum aureum,0.1564625850340136,0.4444444444444444,0.5,4
Aglaonema commutatum,0.0913508260447036,0.2222222222222222,0.5,4
Codiaeum variegatum,0.39536767087787494,0.2222222222222222,0.5,4
Tradescantia zebrina,0.5205701328150308,0.2222222222222222,0.5,4
Monstera deliciosa,0.24408811143505021,0.0,0.5,4
Anthurium andraeanum,0.7100745059928735,0.5555555555555556,0.5,4
Dracaena trifasciata,0.37252996436669905,0.2222222222222222,0.5,4
Ficus lyrata,0.4412050534499514,0.4444444444444444,0.5,4
Monstera deliciosa,0.8694525429219307,0.0,0.5,4
Monstera deliciosa,0.453028830579851,0.5555555555555556,0.5,4
Schefflera arboricola,0.16018788467768058,0.3333333333333333,0.5,4
Dieffenbachia seguine,0.5353093618399741,0.1111111111111111,0.5,4
Calathea orbifolia,0.7029478458049887,0.4444444444444444,0.5,4
Peperomia obtusifolia,0.4287333981211532,0.1111111111111111,0.5,4
Schefflera arboricola,0.47505668934240364,0.4444444444444444,0.5,4
Calathea orbifolia,0.14706835114998382,0.1111111111111111,0.5,4
Sansevieria cylindrica,0.2908973113054746,0.1111111111111111,0.5,4
Codiaeum variegatum,0.7876579203109817,0.3333333333333333,0.5,4
Calathea orbifolia,0.8807904114026565,0.1111111111111111,0.5,4
Sansevieria cylindrica,0.5485908649173956,0.0,0.5,4
Anthurium andraeanum,0.7515387107223842,0.2222222222222222,0.5,4
Monstera deliciosa,0.37560738581146746,0.5555555555555556,0.5,4
Calathea orbifolia,0.45189504373177847,0.2222222222222222,0.5,4
Peperomia obtusifolia,0.5952380952380953,0.3333333333333333,0.5,4
Spathiphyllum wallisii,0.3595724003887269,0.0,0.5,4
Dieffenbachia seguine,0.5221898283122773,0.4444444444444444,0.5,4
Aloe vera,0.4133462908973113,0.1111111111111111,0.5,4
Spathiphyllum wallisii,0.5975056689342404,0.5555555555555556,0.5,4
Epipremnum aureum,0.49530288305798514,0.3333333333333333,0.5,4
Zamioculcas zamiifolia,0.3589245221898283,0.0,0.5,4
Philodendron hederaceum,0.33932620667314545,0.3333333333333333,0.5,4
Chlorophytum comosum,0.44379656624554586,0.5555555555555556,0.5,4
Tradescantia zebrina,0.6452866861030128,0.4444444444444444,0.5,4
Sansevieria cylindrica,0.46598639455782315,0.5555555555555556,0.5,4
Sansevieria cylindrica,0.41253644314868804,0.3333333333333333,0.5,4
Schefflera arboricola,0.1746031746031746,0.2222222222222222,0.5,4
Peperomia obtusifolia,0.5672173631357306,0.5555555555555556,0.5,4
Codiaeum variegatum,0.08179462261094915,0.0,0.5,4
Tradescantia zebrina,0.6226109491415615,0.3333333333333333,0.5,4
Ficus lyrata,0.65354713313897,0.0,0.5,4
Ficus lyrata,0.5022675736961452,0.1111111111111111,0.5,4
Spathiphyllum wallisii,0.4616132167152575,0.3333333333333333,0.5,4
Dieffenbachia seguine,0.3780369290573372,0.2222222222222222,0.5,4
Spathiphyllum wallisii,0.445578231292517,0.5555555555555556,0.5,4
Spathiphyllum wallisii,0.4846128927761581,0.1111111111111111,0.5,4
Codiaeum variegatum,0.430677032717849,0.2222222222222222,0.5,4
Schefflera arboricola,0.32653061224489793,0.1111111111111111,0.5,4
Peperomia obtusifolia,0.39229024943310653,0.4444444444444444,0.5,4
Dracaena trifasciata,0.45383867832847424,0.1111111111111111,0.5,4
Schefflera arboricola,0.3770651117589893,0.4444444444444444,0.5,4
Tradescantia zebrina,0.6873987690314222,0.2222222222222222,0.5,4
Calathea orbifolia,0.2474894719792679,0.5555555555555556,0.5,4
Peperomia obtusifolia,0.4816974408811144,0.4444444444444444,0.5,4
Codiaeum variegatum,0.41658568189180434,0.0,0.5,4
Chlorophytum comosum,0.32150955620343374,0.4444444444444444,0.5,4
Philodendron hederaceum,0.2915451895043732,0.3333333333333333,0.5,4
Monstera deliciosa,0.47246517654680925,0.3333333333333333,0.5,4
Chlorophytum comosum,0.2436022027858763,0.0,0.5,4
Peperomia obtusifolia,0.4931972789115646,0.3333333333333333,0.5,4
Chlorophytum comosum,0.653061224489796,0.5555555555555556,0.5,4
Philodendron hederaceum,0.6869128603822483,0.5555555555555556,0.5,4
Nephrolepis exaltata,0.4275996112730807,0.5555555555555556,0.5,4
Dieffenbachia seguine,0.8043407839326208,0.3333333333333333,0.5,4
Ficus lyrata,0.347424684159378,0.0,0.5,4
Philodendron hederaceum,0.6030126336248787,0.3333333333333333,0.5,4
Begonia maculata,0.5568513119533528,0.1111111111111111,0.5,4
Anthurium andraeanum,0.6920958859734371,0.4444444444444444,0.5,4
Dieffenbachia seguine,0.6274700356333011,0.2222222222222222,0.5,4
Calathea orbifolia,0.2871720116618076,0.5555555555555556,0.5,4
Aglaonema commutatum,0.620019436345967,0.4444444444444444,0.5,4
Calathea orbifolia,0.6305474570780694,0.5555555555555556,0.5,4
Aglaonema commutatum,0.47538062844185297,0.0,0.5,4
